<?xml version="1.0" encoding="UTF-8"?>
<project-private xmlns="http://www.netbeans.org/ns/project-private/1">
    <editor-bookmarks xmlns="http://www.netbeans.org/ns/editor-bookmarks/2" lastBookmarkId="0"/>
    <open-files xmlns="http://www.netbeans.org/ns/projectui-open-files/2">
        <group>
            <file>file:/D:/codingan/Kodingan%20Java%20Punya%20orang/part%204/login-001/src/com/raven/component/Message.java</file>
            <file>file:/D:/codingan/Kodingan%20Java%20Punya%20orang/part%204/login-001/src/com/raven/model/ModelMessage.java</file>
            <file>file:/D:/codingan/Kodingan%20Java%20Punya%20orang/part%204/login-001/src/com/raven/main/Transaksi.java</file>
            <file>file:/D:/codingan/Kodingan%20Java%20Punya%20orang/part%204/login-001/src/com/raven/main/MainSystem.java</file>
            <file>file:/D:/codingan/Kodingan%20Java%20Punya%20orang/part%204/login-001/src/com/raven/main/Main.java</file>
            <file>file:/D:/codingan/Kodingan%20Java%20Punya%20orang/part%204/login-001/src/com/raven/model/ModelLogin.java</file>
            <file>file:/D:/codingan/Kodingan%20Java%20Punya%20orang/part%204/login-001/src/com/raven/swing/Button.java</file>
            <file>file:/D:/codingan/Kodingan%20Java%20Punya%20orang/part%204/login-001/src/com/raven/icon/error.png</file>
            <file>file:/D:/codingan/Kodingan%20Java%20Punya%20orang/part%204/login-001/src/com/raven/main/Admin.java</file>
            <file>file:/D:/codingan/Kodingan%20Java%20Punya%20orang/part%204/login-001/src/com/raven/model/ModelPengiriman.java</file>
            <file>file:/D:/codingan/Kodingan%20Java%20Punya%20orang/part%204/login-001/src/com/raven/swing/ButtonOutLine.java</file>
            <file>file:/D:/codingan/Kodingan%20Java%20Punya%20orang/part%204/login-001/src/com/raven/service/ServiceBarang.java</file>
            <file>file:/D:/codingan/Kodingan%20Java%20Punya%20orang/part%204/login-001/src/com/raven/swing/MyTextField.java</file>
            <file>file:/D:/codingan/Kodingan%20Java%20Punya%20orang/part%204/login-001/src/com/raven/service/ServiceUser.java</file>
            <file>file:/D:/codingan/Kodingan%20Java%20Punya%20orang/part%204/login-001/src/com/raven/main/DropOff.java</file>
            <file>file:/D:/codingan/Kodingan%20Java%20Punya%20orang/part%204/login-001/src/com/raven/component/PanelVerifyCode.java</file>
            <file>file:/D:/codingan/Kodingan%20Java%20Punya%20orang/part%204/login-001/src/com/raven/component/PanelLoginAndRegister.java</file>
            <file>file:/D:/codingan/Kodingan%20Java%20Punya%20orang/part%204/login-001/src/com/raven/icon/mail_1.png</file>
            <file>file:/D:/codingan/Kodingan%20Java%20Punya%20orang/part%204/login-001/src/com/raven/icon/lokasi.png</file>
            <file>file:/D:/codingan/Kodingan%20Java%20Punya%20orang/part%204/login-001/src/com/raven/service/ServicePengiriman.java</file>
            <file>file:/D:/codingan/Kodingan%20Java%20Punya%20orang/part%204/login-001/src/com/raven/swing/PanelRound.java</file>
            <file>file:/D:/codingan/Kodingan%20Java%20Punya%20orang/part%204/login-001/src/com/raven/icon/success.png</file>
            <file>file:/D:/codingan/Kodingan%20Java%20Punya%20orang/part%204/login-001/src/com/raven/main/Biasa.java</file>
            <file>file:/D:/codingan/Kodingan%20Java%20Punya%20orang/part%204/login-001/src/com/raven/service/ServiceMail.java</file>
            <file>file:/D:/codingan/Kodingan%20Java%20Punya%20orang/part%204/login-001/src/com/raven/model/ModelUser.java</file>
            <file>file:/D:/codingan/Kodingan%20Java%20Punya%20orang/part%204/login-001/src/com/raven/icon/loading.gif</file>
            <file>file:/D:/codingan/Kodingan%20Java%20Punya%20orang/part%204/login-001/src/com/raven/swing/MyPasswordField.java</file>
            <file>file:/D:/codingan/Kodingan%20Java%20Punya%20orang/part%204/login-001/src/com/raven/main/PickUp.java</file>
            <file>file:/D:/codingan/Kodingan%20Java%20Punya%20orang/part%204/login-001/src/com/raven/component/PanelLoading.java</file>
            <file>file:/D:/codingan/Kodingan%20Java%20Punya%20orang/part%204/login-001/src/com/raven/component/PanelCover.java</file>
            <file>file:/D:/codingan/Kodingan%20Java%20Punya%20orang/part%204/login-001/src/com/raven/connection/DatabaseConnection.java</file>
            <file>file:/D:/codingan/Kodingan%20Java%20Punya%20orang/part%204/login-001/src/com/raven/main/Profile.java</file>
            <file>file:/D:/codingan/Kodingan%20Java%20Punya%20orang/part%204/login-001/src/com/raven/main/crud.java</file>
            <file>file:/D:/codingan/Kodingan%20Java%20Punya%20orang/part%204/login-001/src/com/raven/icon/mail.png</file>
            <file>file:/D:/codingan/Kodingan%20Java%20Punya%20orang/part%204/login-001/src/com/raven/icon/telpon.png</file>
            <file>file:/D:/codingan/Kodingan%20Java%20Punya%20orang/part%204/login-001/src/com/raven/main/VIP.java</file>
            <file>file:/D:/codingan/Kodingan%20Java%20Punya%20orang/part%204/login-001/src/com/raven/model/ModelCRUD.java</file>
        </group>
    </open-files>
</project-private>
